{
  "baseline": {
    "timestamp": "2026-02-01T03:27:42.596204",
    "tests": {
      "availability_query": {
        "avg": 0.5093669891357422,
        "min": 0.0,
        "max": 1.6739368438720703,
        "p95": 1.5115737915039062,
        "iterations": 100
      },
      "user_bookings_query": {
        "avg": 1.667618751525879,
        "min": 0.0,
        "max": 3.113269805908203,
        "p95": 2.997875213623047,
        "iterations": 100
      },
      "club_computers_query": {
        "avg": 0.848991870880127,
        "min": 0.0,
        "max": 2.1185874938964844,
        "p95": 1.5974044799804688,
        "iterations": 100
      }
    }
  }
}